{
  "1": {
    "mean": [
      880.4894286729016,
      0.0391193595342067,
      0.12645560407569142,
      5.142612809315868,
      15.427747452692838,
      5.14288573508006,
      -0.00046621027031165175,
      0.003772976195490564
    ],
    "std": [
      946.3762226472554,
      141.76652904398185,
      325.50929391459067,
      8.141694807453176,
      18.07975748548341,
      8.141547552450032,
      0.7058214913785951,
      0.7083795378232715
    ],
    "weights": [
      -18.25572767761982,
      113.6474779712029,
      -49.05523487222322,
      38.72065564014017,
      -23.421957789030838,
      11.790541229473392,
      9.962151582855897,
      -14.654196252958183
    ],
    "y_mean": 0.036935953420669576,
    "n_train": 5496,
    "cv_mae": 53.6277,
    "persist_mae": 66.3221
  },
  "2": {
    "mean": [
      880.5848771585563,
      0.04185623293903549,
      0.13630573248407643,
      5.143548680618746,
      15.430191082802517,
      10.287024567788889,
      -0.0004662951129450114,
      0.0035916791938882878
    ],
    "std": [
      946.4358792748039,
      141.77928286821088,
      325.53809222037466,
      8.142140002590702,
      18.08049497910941,
      13.57454547222016,
      0.7058857124044675,
      0.7083164853599514
    ],
    "weights": [
      -51.61886331107255,
      136.6961425098445,
      -75.49488502383655,
      71.83061884385206,
      -53.653076474780086,
      44.29891410725293,
      27.003598789659613,
      -41.15832916559793
    ],
    "y_mean": 0.07588717015468607,
    "n_train": 5495,
    "cv_mae": 113.8442,
    "persist_mae": 120.417
  },
  "3": {
    "mean": [
      880.6776301394734,
      0.04550418638514744,
      0.1456133964324718,
      5.144393884237352,
      15.432526392428072,
      15.431725518747694,
      -0.0004632468673966149,
      0.0034103431618505687
    ],
    "std": [
      946.4970360745061,
      141.79192752270995,
      325.5669864619488,
      8.142639931998998,
      18.081311700862518,
      18.081634546433563,
      0.7059499148285872,
      0.7082533958375137
    ],
    "weights": [
      -87.21462381265533,
      119.75795859343222,
      -79.03576922561224,
      65.62308792538701,
      -66.9090732948486,
      82.89650859100935,
      45.15716045911645,
      -68.93855087097957
    ],
    "y_mean": 0.11776483436476155,
    "n_train": 5494,
    "cv_mae": 159.3366,
    "persist_mae": 160.1037
  }
}