{
  "1": {
    "mean": [
      1.244590331352394,
      0.0001203758092653637,
      0.00046134272721164214,
      9.029829712272436,
      27.085280876883914,
      9.029457819534132,
      -1.3471897179456355e-05,
      -0.00019538508080256547
    ],
    "std": [
      0.4391515244324212,
      0.23844283751088635,
      0.3870748672012372,
      15.387807831508342,
      35.432258451235846,
      15.387995848890725,
      0.7071754880241574,
      0.7070380405473069
    ],
    "weights": [
      -0.06840973100866346,
      -0.03494269079500352,
      -0.015040999931092675,
      0.0687645902036694,
      -0.11291974744573659,
      0.1803914602564565,
      0.018324833621479103,
      -0.012850812606036599
    ],
    "y_mean": 9.806222891382897e-05,
    "n_train": 5109,
    "cv_mae": 0.0974,
    "persist_mae": 0.1331
  },
  "2": {
    "mean": [
      1.2445326943706048,
      0.00015505088803911918,
      0.00048688331804148553,
      9.030324980422842,
      27.07903288958495,
      18.056577916992993,
      -1.3474534590807021e-05,
      -0.00039119467067742894
    ],
    "std": [
      0.43917518657189253,
      0.23845329621193334,
      0.3871084498303606,
      15.389273287394765,
      35.432912345656014,
      26.197129659275124,
      0.7072447069826514,
      0.7069687201214692
    ],
    "weights": [
      -0.1060729440225258,
      -0.03608796015466548,
      -0.02464016304843444,
      -0.002964707988746487,
      -0.12535679377835432,
      0.27734094184399644,
      0.02852482195422296,
      -0.01947459631254624
    ],
    "y_mean": 0.00022063429409765003,
    "n_train": 5108,
    "cv_mae": 0.1263,
    "persist_mae": 0.2043
  },
  "3": {
    "mean": [
      1.2444403765193166,
      0.00020579596613399758,
      0.000552574925770936,
      9.030428823183842,
      27.071764245153695,
      27.078832974348916,
      -1.0106631394949478e-05,
      -0.0005870519320598048
    ],
    "std": [
      0.4391686212528214,
      0.23844906119712755,
      0.3871178781574406,
      15.390778108509272,
      35.43257318749701,
      35.43311076003439,
      0.7073139053138131,
      0.7068993525372679
    ],
    "weights": [
      -0.13561344484823123,
      -0.03984326349634284,
      -0.026067456674943902,
      -0.024907331876272195,
      -0.12529783854552312,
      0.29688166465250954,
      0.036234764303572996,
      -0.022573640401941462
    ],
    "y_mean": 0.0003346387294726705,
    "n_train": 5107,
    "cv_mae": 0.1507,
    "persist_mae": 0.2443
  }
}