{
  "1": {
    "mean": [
      2.858161436469216,
      5.6048951865136566e-05,
      0.00024037893316744303,
      7.365739096112095,
      22.096210775606867,
      7.365166765344381,
      -0.004929822586597174,
      -0.006671352068561619
    ],
    "std": [
      0.8909974731250603,
      0.33484500111241233,
      0.5804957989454248,
      12.49655387513358,
      28.470647192823712,
      12.496824794544462,
      0.7078939507655673,
      0.7062700222863462
    ],
    "weights": [
      -0.12653775778609694,
      0.01328210278640782,
      -0.01758404319660433,
      0.13783744456680752,
      -0.13576304512617418,
      0.13815569891691934,
      -0.015587457159623225,
      -0.11728429383518596
    ],
    "y_mean": 7.321885381668104e-05,
    "n_train": 5067,
    "cv_mae": 0.1725,
    "persist_mae": 0.1936
  },
  "2": {
    "mean": [
      2.858291946025032,
      8.231344968492318e-05,
      0.00035076985187884385,
      7.367054875641529,
      22.096052112120017,
      14.727418081326514,
      -0.0049307957059391795,
      -0.0068700633500595595
    ],
    "std": [
      0.8910369795752847,
      0.3348728288826873,
      0.5804999073175653,
      12.497436227084885,
      28.473454787312455,
      21.111575089726017,
      0.7079638110780085,
      0.7061980824720315
    ],
    "weights": [
      -0.23668673881135074,
      -0.0020538418562035146,
      -0.030259297365750316,
      0.044523085919861635,
      -0.1476935880248043,
      0.2858853732314268,
      -0.02639951541679322,
      -0.2215984179961585
    ],
    "y_mean": 0.0001367943069467057,
    "n_train": 5066,
    "cv_mae": 0.2563,
    "persist_mae": 0.3084
  },
  "3": {
    "mean": [
      2.8583962484973555,
      9.871670665533851e-05,
      0.0004681145450558144,
      7.36777887462981,
      22.095439289239884,
      22.085666337611055,
      -0.004928370718683524,
      -0.007068823844148241
    ],
    "std": [
      0.8910940116152084,
      0.3349038497416305,
      0.5804971281834255,
      12.498563641165871,
      28.476232047766224,
      28.468808027014305,
      0.7080336744302056,
      0.7061260926806071
    ],
    "weights": [
      -0.31823474921794775,
      -0.002142651489662221,
      -0.04515331909235439,
      -0.006023469961138032,
      -0.12994071692782375,
      0.32537196081349906,
      -0.03148341913467529,
      -0.29799639492566204
    ],
    "y_mean": 0.00024126355057289988,
    "n_train": 5065,
    "cv_mae": 0.3004,
    "persist_mae": 0.3754
  }
}