{
  "1": {
    "mean": [
      1.8492269100479823,
      -1.863610077998005e-05,
      8.191335843331344e-07,
      7.369096866680325,
      22.10557034609869,
      7.368707761621958,
      -0.0015858309476970837,
      -0.0056176074545803995
    ],
    "std": [
      0.41003080327757185,
      0.19094315389891436,
      0.31021584387655904,
      12.698333307690257,
      28.911631052113073,
      12.698526931376719,
      0.6990838607410117,
      0.7150158622563099
    ],
    "weights": [
      -0.03820038357136813,
      -0.025580990493577715,
      -0.013383561017149435,
      0.07455280924612305,
      -0.09664277165879556,
      0.11701399755279861,
      0.0052646001363838265,
      -0.029039586396551336
    ],
    "y_mean": -3.501945603413843e-05,
    "n_train": 4883,
    "cv_mae": 0.0871,
    "persist_mae": 0.1004
  },
  "2": {
    "mean": [
      1.8492693571905678,
      1.12658638975651e-05,
      3.4616941899757485e-05,
      7.370176157312582,
      22.10442441622284,
      14.734780827529676,
      -0.0015861557799272553,
      -0.005823592216451473
    ],
    "std": [
      0.4100620677731774,
      0.19095127677290546,
      0.31023862421942827,
      12.699409819359317,
      28.914481063377615,
      21.444162480953192,
      0.6991554548077518,
      0.7149442075407727
    ],
    "weights": [
      -0.06286897515227856,
      -0.025253619776741013,
      -0.02769999992272472,
      0.01266120643621515,
      -0.10527687430022807,
      0.19814238704882578,
      0.009841266652068564,
      -0.0483412094402842
    ],
    "y_mean": -5.305204075020597e-05,
    "n_train": 4882,
    "cv_mae": 0.1202,
    "persist_mae": 0.1553
  },
  "3": {
    "mean": [
      1.8492819098169944,
      1.905345936286554e-05,
      7.068221868488875e-05,
      7.370825650481465,
      22.10286826469984,
      22.09645564433516,
      -0.0015829541408418407,
      -0.006029631026413687
    ],
    "std": [
      0.41010313369860235,
      0.19097006125240643,
      0.31026016958446373,
      12.700629579568218,
      28.91723843881586,
      28.91070034226808,
      0.6992270354593247,
      0.7148724996030009
    ],
    "weights": [
      -0.08152610388092554,
      -0.026871216245172674,
      -0.03648431764532792,
      -0.005564248423040462,
      -0.10621655597243958,
      0.21587309940456043,
      0.01384816815395859,
      -0.06200816877719365
    ],
    "y_mean": -6.0028703553195536e-05,
    "n_train": 4881,
    "cv_mae": 0.1427,
    "persist_mae": 0.1861
  }
}