{
  "1": {
    "mean": [
      1.0766533089472967,
      4.8529411501744215e-05,
      0.00021801471491070306,
      7.2511764705882165,
      21.752095588235235,
      7.250900735294101,
      0.0019259712022937526,
      -0.006034972989310355
    ],
    "std": [
      0.311678341412343,
      0.10498463594176714,
      0.20223146632480485,
      12.40941732402475,
      28.224845633762158,
      12.409530667779775,
      0.7088434241061349,
      0.7053374155944372
    ],
    "weights": [
      -0.02353059148754654,
      0.019201226523253682,
      -0.0033884376958260103,
      0.03311788072054707,
      -0.038484390979811225,
      0.043020464582713226,
      0.002060111379321158,
      -0.017862829707063738
    ],
    "y_mean": 3.952205400256541e-05,
    "n_train": 5440,
    "cv_mae": 0.0468,
    "persist_mae": 0.0484
  },
  "2": {
    "mean": [
      1.076659496357871,
      6.784335680142946e-05,
      0.00026383528619111467,
      7.251921309064148,
      21.75328185328179,
      14.498786541643675,
      0.002033109691842584,
      -0.006185750901885742
    ],
    "std": [
      0.31170665819651366,
      0.10498462241081367,
      0.20222181849240714,
      12.410436461042492,
      28.227304586146992,
      20.953168488729546,
      0.7088645405002884,
      0.7053145866718472
    ],
    "weights": [
      -0.048379769362361644,
      0.018669317404195654,
      -0.007870846414468911,
      0.018067782711377385,
      -0.05377997831981843,
      0.08862064295363704,
      0.004787588685954395,
      -0.036650548123321365
    ],
    "y_mean": 8.898694016824292e-05,
    "n_train": 5439,
    "cv_mae": 0.077,
    "persist_mae": 0.0807
  },
  "3": {
    "mean": [
      1.0766463774712307,
      0.00010647297826221911,
      0.00026737774457507066,
      7.252997425524072,
      21.745090106656797,
      21.74244207429196,
      0.002142848529035046,
      -0.006334723633172006
    ],
    "std": [
      0.31173381551915796,
      0.10495561639919167,
      0.20224024229274046,
      12.411323755480742,
      28.22343463470095,
      28.222734010663338,
      0.7088835167159288,
      0.7052938672674884
    ],
    "weights": [
      -0.06916921987679898,
      0.01879080672846589,
      -0.015569866575287923,
      0.004709072427985302,
      -0.057181039872953913,
      0.11031764865375744,
      0.007741179688751337,
      -0.052418850471759246
    ],
    "y_mean": 0.00015630745940367998,
    "n_train": 5438,
    "cv_mae": 0.0975,
    "persist_mae": 0.1032
  }
}