{
  "1": {
    "mean": [
      2.858161436469216,
      5.6048951865136566e-05,
      0.00024037893316744303,
      7.340951253207027,
      22.021906453522856,
      7.340378922439314,
      -0.004929822586597174,
      -0.006671352068561619
    ],
    "std": [
      0.8909974731250603,
      0.33484500111241233,
      0.5804957989454248,
      12.567161060697286,
      28.716972700723268,
      12.5674293291532,
      0.7078939507655673,
      0.7062700222863462
    ],
    "weights": [
      -0.12679368697385257,
      0.01568081107707931,
      -0.019154615962924535,
      0.1416743954532152,
      -0.1350260005726048,
      0.13489093757547488,
      -0.015624694726449947,
      -0.11932130703976357
    ],
    "y_mean": 7.321885381668104e-05,
    "n_train": 5067,
    "cv_mae": 0.1736,
    "persist_mae": 0.1936
  },
  "2": {
    "mean": [
      2.858291946025032,
      8.231344968492318e-05,
      0.00035076985187884385,
      7.342202921437032,
      22.02125937623378,
      14.677832609553919,
      -0.0049307957059391795,
      -0.0068700633500595595
    ],
    "std": [
      0.8910369795752847,
      0.3348728288826873,
      0.5804999073175653,
      12.568085533861465,
      28.719769909399588,
      21.252622422900508,
      0.7079638110780085,
      0.7061980824720315
    ],
    "weights": [
      -0.23738934551858185,
      -0.0014107312499189945,
      -0.032340931069072786,
      0.05086122318094134,
      -0.14843835442140707,
      0.28398304783112827,
      -0.026407219543552744,
      -0.22551907645820723
    ],
    "y_mean": 0.0001367943069467057,
    "n_train": 5066,
    "cv_mae": 0.2582,
    "persist_mae": 0.3084
  },
  "3": {
    "mean": [
      2.8583962484973555,
      9.871670665533851e-05,
      0.0004681145450558144,
      7.343099703849951,
      22.020019743336686,
      22.011214215202433,
      -0.004928370718683524,
      -0.007068823844148241
    ],
    "std": [
      0.8910940116152084,
      0.3349038497416305,
      0.5804971281834255,
      12.569164083269332,
      28.72246937140516,
      28.71529272246333,
      0.7080336744302056,
      0.7061260926806071
    ],
    "weights": [
      -0.318509211009115,
      -0.00241083248989529,
      -0.04686692138957768,
      0.0001695910328056235,
      -0.13174367385966823,
      0.3260352526411078,
      -0.03131288936223877,
      -0.3026120400678944
    ],
    "y_mean": 0.00024126355057289988,
    "n_train": 5065,
    "cv_mae": 0.3018,
    "persist_mae": 0.3754
  }
}