{
  "1": {
    "mean": [
      0.8674344409960929,
      3.6170634019813065e-05,
      0.00010674269747260702,
      3.7932573225869963,
      11.377825830548495,
      3.792608610182829,
      -0.0005120179217155715,
      -0.000782704354205244
    ],
    "std": [
      0.5749453758120245,
      0.08369059779478223,
      0.16666305715262184,
      7.228711057948117,
      15.769371210078383,
      7.228885416766001,
      0.7076216034184041,
      0.70659096483546
    ],
    "weights": [
      -0.029391769711170523,
      0.0006093362556206623,
      0.002948832033783414,
      0.0451898991499428,
      -0.015551819059132704,
      0.03758204665231604,
      0.003718258223658297,
      0.006615023927105877
    ],
    "y_mean": 3.361509805675197e-05,
    "n_train": 5087,
    "cv_mae": 0.0316,
    "persist_mae": 0.0391
  },
  "2": {
    "mean": [
      0.8672426270728991,
      5.524970863543295e-05,
      0.00012839166282716804,
      3.793314982304375,
      11.376917027133345,
      7.581576877703493,
      -0.0005121185937410758,
      -0.0009794764156197554
    ],
    "std": [
      0.5748391217014678,
      0.08368776237495389,
      0.16667228874409556,
      7.2294205012842765,
      15.77078820258091,
      11.814281696997401,
      0.7076911655943285,
      0.7065210488727428
    ],
    "weights": [
      -0.05962386122376926,
      -0.0005311218069464306,
      0.002751318802417436,
      0.03760074030419699,
      -0.01544308713250502,
      0.08936699495083353,
      0.007470170018504613,
      0.013207924257288076
    ],
    "y_mean": 9.024776064219859e-05,
    "n_train": 5086,
    "cv_mae": 0.0525,
    "persist_mae": 0.0685
  },
  "3": {
    "mean": [
      0.8670316619932241,
      6.214355648794709e-05,
      0.00016263520588682574,
      3.793490658800403,
      11.37553588987221,
      11.3663323500492,
      -0.0005088341812411557,
      -0.0011762967333434006
    ],
    "std": [
      0.574698738699513,
      0.08369454685014072,
      0.16667078612349165,
      7.230120468862055,
      15.772031284170428,
      15.758383488379557,
      0.7077607095662465,
      0.7064510849365664
    ],
    "weights": [
      -0.08761545165476743,
      0.0005849947023420999,
      0.003087895873207613,
      0.03093157569766887,
      -0.014238998449973127,
      0.1241415975741379,
      0.010886475664951885,
      0.020254273506459856
    ],
    "y_mean": 0.00014532943976898325,
    "n_train": 5085,
    "cv_mae": 0.0671,
    "persist_mae": 0.0926
  }
}