{
  "1": {
    "mean": [
      2769.366084425036,
      0.13355167394468703,
      0.4299490538573508,
      4.966612081513813,
      14.900254730713225,
      4.966175400291105,
      -0.00046621027031165175,
      0.003772976195490564
    ],
    "std": [
      2263.4489959459165,
      166.16720721013095,
      398.1930787815339,
      8.357074804827237,
      18.717594897355585,
      8.357271607428055,
      0.7058214913785951,
      0.7083795378232715
    ],
    "weights": [
      -17.99851027362934,
      110.62373071994023,
      -21.938314348159036,
      -2.4417436942859894,
      -10.326959612043888,
      36.723624623373226,
      15.564764947354428,
      -17.397600676437445
    ],
    "y_mean": 0.11044395924308588,
    "n_train": 5496,
    "cv_mae": 72.3189,
    "persist_mae": 99.0489
  },
  "2": {
    "mean": [
      2769.580709736124,
      0.14085532302092812,
      0.4445859872611465,
      4.967443130118274,
      14.899963603275685,
      9.931483166515017,
      -0.0004662951129450114,
      0.0035916791938882878
    ],
    "std": [
      2263.5990210521627,
      166.18144428748332,
      398.2278310678717,
      8.357608114144872,
      18.719285525631598,
      14.004257596539766,
      0.7058857124044675,
      0.7083164853599514
    ],
    "weights": [
      -49.41861802168135,
      146.92168644405172,
      -23.579621063073,
      -31.88653555630899,
      -0.11946519999786157,
      73.71443781167704,
      40.426279435314875,
      -47.55828097358725
    ],
    "y_mean": 0.2664240218380346,
    "n_train": 5495,
    "cv_mae": 150.8317,
    "persist_mae": 180.9161
  },
  "3": {
    "mean": [
      2769.7881325081908,
      0.14452129595922825,
      0.4555879140880961,
      4.967746632690192,
      14.89938114306514,
      14.893483800509623,
      -0.0004632468673966149,
      0.0034103431618505687
    ],
    "std": [
      2263.7528005841505,
      166.1963453275506,
      398.2632364510363,
      8.358338412838872,
      18.720939269845058,
      18.7167014197205,
      0.7059499148285872,
      0.7082533958375137
    ],
    "weights": [
      -86.1107890893359,
      149.38363889332976,
      -9.067247947125628,
      -32.673598604166955,
      -0.7884916252564426,
      93.67428697308485,
      68.08287793853455,
      -80.89180501037559
    ],
    "y_mean": 0.4386603567528213,
    "n_train": 5494,
    "cv_mae": 217.7646,
    "persist_mae": 248.3371
  }
}