{
  "1": {
    "mean": [
      2.2038230879209384,
      4.958368775769861e-06,
      1.963506091071329e-05,
      3.9999801666005497,
      11.999226497421668,
      3.9995834986116567,
      0.0030853791010788615,
      0.0037066549668171725
    ],
    "std": [
      0.20005685796025005,
      0.04716159742356154,
      0.08335515715787158,
      7.122835238317084,
      15.864090728737304,
      7.123002293069093,
      0.7102529725391616,
      0.7039300079866186
    ],
    "weights": [
      -0.007367238128793283,
      0.006074616501322978,
      -0.003950369511146549,
      0.0022531554764104343,
      -0.0067869680388772495,
      0.02040156846494418,
      0.003864830918953534,
      -0.004085898976208404
    ],
    "y_mean": 2.578344197558953e-06,
    "n_train": 5042,
    "cv_mae": 0.0195,
    "persist_mae": 0.019
  },
  "2": {
    "mean": [
      2.203827020290044,
      7.934925977589236e-06,
      2.6582039861635477e-05,
      4.000714144019039,
      11.99855187462806,
      7.998988295973011,
      0.003085991158032061,
      0.003509016929714776
    ],
    "std": [
      0.2000765051065543,
      0.04716580143674373,
      0.08336196500537296,
      7.123351038637342,
      15.865591840497153,
      11.900441371162039,
      0.7103234153429524,
      0.7038599356933735
    ],
    "weights": [
      -0.014642425357123375,
      0.00284862933251583,
      -0.006278665652858562,
      -0.00319022435588619,
      -0.007939351359627273,
      0.03390148501061429,
      0.007860598236492045,
      -0.007859373771631383
    ],
    "y_mean": 7.934925977589413e-06,
    "n_train": 5041,
    "cv_mae": 0.0329,
    "persist_mae": 0.0324
  },
  "3": {
    "mean": [
      2.2038279780556285,
      9.72222714197068e-06,
      3.412701780833886e-05,
      4.0009126984126935,
      11.997678571428581,
      11.997202380952391,
      0.003090018806308622,
      0.003311329861802196
    ],
    "std": [
      0.20009634142682464,
      0.04717030965983109,
      0.0833685135710116,
      7.124043737020618,
      15.867044581079197,
      15.866085614570597,
      0.7103938228846296,
      0.7037898147072639
    ],
    "weights": [
      -0.020804727088511804,
      0.003402353117940329,
      -0.008914658268138064,
      -0.004047364454647594,
      -0.008015650159212953,
      0.039073209625857475,
      0.011351953873951656,
      -0.010859746944019552
    ],
    "y_mean": 1.547615679483583e-05,
    "n_train": 5040,
    "cv_mae": 0.0418,
    "persist_mae": 0.0423
  }
}