{
  "1": {
    "mean": [
      9.389665142493433,
      0.00012291829610608322,
      0.00042406818774085,
      5.994448850118924,
      17.981562252180805,
      5.994250594766029,
      0.0007591861433603583,
      0.004938901447350742
    ],
    "std": [
      0.43896004278042944,
      0.18335368181731848,
      0.33153497468682536,
      10.111049582773695,
      23.066941189298852,
      10.111157314263732,
      0.7054571710837737,
      0.7087349368102085
    ],
    "weights": [
      -0.0507680252640795,
      -0.015179109692979108,
      0.003914158752218062,
      0.07365163556968427,
      -0.07916314687089916,
      0.1244183362686901,
      0.014185876883031209,
      -0.013133992056626638
    ],
    "y_mean": 0.00010051545786725291,
    "n_train": 5044,
    "cv_mae": 0.0732,
    "persist_mae": 0.0999
  },
  "2": {
    "mean": [
      9.389581395689515,
      0.00016240319065364075,
      0.00044418000617056663,
      5.995300416418768,
      17.97987309141384,
      11.986297838588122,
      0.0007593366859229919,
      0.004741586139289539
    ],
    "std": [
      0.43896326898355,
      0.18335041624333387,
      0.3315647672210956,
      10.111871154982984,
      23.068916171789187,
      17.11063823314924,
      0.7055271117327269,
      0.7086666602703696
    ],
    "weights": [
      -0.08964322254143704,
      -0.013231198814384611,
      -0.0005510361647885508,
      0.0320830951488074,
      -0.09710599280515889,
      0.22277157007768963,
      0.02520826124871114,
      -0.02313078515170156
    ],
    "y_mean": 0.00023061671759102225,
    "n_train": 5043,
    "cv_mae": 0.104,
    "persist_mae": 0.1624
  },
  "3": {
    "mean": [
      9.38945814731905,
      0.00016560889292879303,
      0.00045061489742268494,
      5.995378817929364,
      17.977885759619195,
      17.97473224910749,
      0.0007629012818852605,
      0.004544221947883385
    ],
    "std": [
      0.4389195419042923,
      0.18336845633960988,
      0.3315973310041009,
      10.112872336550463,
      23.0707720817292,
      23.06545272176386,
      0.7055970278620881,
      0.7085983363660318
    ],
    "weights": [
      -0.12118487657657408,
      -0.014271268515199238,
      -0.0020922282760430463,
      0.01184414469258562,
      -0.10546537266160558,
      0.26571126291591063,
      0.03415068966273311,
      -0.029336718626108347
    ],
    "y_mean": 0.0003449026907497532,
    "n_train": 5042,
    "cv_mae": 0.1268,
    "persist_mae": 0.2035
  }
}