{
  "1": {
    "mean": [
      6.571055859039921,
      0.0009042939938485536,
      0.002769104713435778,
      6.026364628820916,
      18.079330422125178,
      6.025782387190638,
      -0.019096531199250713,
      0.0004315314677116531
    ],
    "std": [
      2.5880136850863606,
      0.14898113735588736,
      0.31257971941696683,
      10.25798575702634,
      23.31501448164846,
      10.258236977174096,
      0.7078914535740589,
      0.7060629052949587
    ],
    "weights": [
      -0.00509479878405245,
      0.027549617234523552,
      0.012351197960799722,
      0.05722811260755701,
      -0.04298534654033805,
      0.03832005235823723,
      0.013368555441138482,
      -0.012267705710775581
    ],
    "y_mean": 0.0008946506217057008,
    "n_train": 5496,
    "cv_mae": 0.0678,
    "persist_mae": 0.0806
  },
  "2": {
    "mean": [
      6.57097616041108,
      0.0009210190846770323,
      0.0027876250195004284,
      6.027151956323887,
      18.077797998180163,
      12.05373976342126,
      -0.019100006455155943,
      0.00024962637789686004
    ],
    "std": [
      2.588242418497225,
      0.14898953350696706,
      0.3126051451267298,
      10.258753060856094,
      23.316859101390747,
      17.30159691487687,
      0.7079558160893649,
      0.7059983639537195
    ],
    "weights": [
      -0.011893993429813704,
      0.030187053211799816,
      0.025552184159853556,
      0.04763419854825648,
      -0.05953204035821321,
      0.09927069520684459,
      0.03034547661309337,
      -0.027667221417197095
    ],
    "y_mean": 0.0018212920215804544,
    "n_train": 5495,
    "cv_mae": 0.1328,
    "persist_mae": 0.1465
  },
  "3": {
    "mean": [
      6.5708798692308426,
      0.0009202766210155397,
      0.0027934109509360123,
      6.027229705132828,
      18.075991991263194,
      18.083254459410266,
      -0.019100349857103398,
      6.768203628214953e-05
    ],
    "std": [
      2.5884681178795126,
      0.14900308202036316,
      0.31263329931367284,
      10.259685032006283,
      23.31859673411509,
      23.318209477377476,
      0.7080202426070067,
      0.7059337845104132
    ],
    "weights": [
      -0.01919063416158928,
      0.0352167593290527,
      0.03506919102238358,
      0.04178439167129752,
      -0.07290488715107873,
      0.14169491811730928,
      0.047950307988071386,
      -0.04234989455631918
    ],
    "y_mean": 0.0027857662158573067,
    "n_train": 5494,
    "cv_mae": 0.1877,
    "persist_mae": 0.201
  }
}