{
  "1": {
    "mean": [
      7.9724022652902775,
      0.00016383249377349894,
      0.0004971658187366792,
      6.100694825379392,
      18.302047906381432,
      6.100420552203309,
      -0.00081849146864898,
      -0.000343342830844263
    ],
    "std": [
      0.24812361309399691,
      0.10738773770919245,
      0.16863389771792114,
      10.426451808009539,
      23.754630760117696,
      10.426592556231224,
      0.7070269168417268,
      0.7071860795071554
    ],
    "weights": [
      -0.025524262702663118,
      -0.010077856131973574,
      -0.004967390864398752,
      0.004758083045839906,
      -0.035205395674786574,
      0.07475847495170342,
      0.0011441111930388262,
      0.0051197227831690185
    ],
    "y_mean": 0.00016163838020864582,
    "n_train": 5469,
    "cv_mae": 0.0439,
    "persist_mae": 0.0531
  },
  "2": {
    "mean": [
      7.97224890069536,
      0.00016660575196964512,
      0.0005091441837469853,
      6.101810534016074,
      18.305358449158753,
      12.198317483540556,
      -0.000815493139335303,
      -0.0005262607500176282
    ],
    "std": [
      0.24788697399442267,
      0.10739736109104131,
      0.16864699064641242,
      10.427078725735672,
      23.755541274010056,
      17.633610777824497,
      0.7070915304470405,
      0.7071213655311384
    ],
    "weights": [
      -0.044301904641652276,
      -0.009295553357844832,
      -0.005487456780474881,
      -0.02528452763422713,
      -0.0335706374772526,
      0.10554227331396243,
      0.0017409785213458257,
      0.009584099640584732
    ],
    "y_mean": 0.00031474034282179237,
    "n_train": 5468,
    "cv_mae": 0.0586,
    "persist_mae": 0.078
  },
  "3": {
    "mean": [
      7.972092736196928,
      0.00017066025441757432,
      0.0005278947564001731,
      6.102890067678781,
      18.30729833546736,
      18.292061459667103,
      -0.0008093460534594277,
      -0.0007091642915376066
    ],
    "std": [
      0.2476405492580739,
      0.10740676452468306,
      0.16865671479472805,
      10.427726775416923,
      23.757280742810718,
      23.751335470111187,
      0.7071560504622362,
      0.7070566896222842
    ],
    "weights": [
      -0.06275723454465698,
      -0.006443400171857968,
      -0.005195686808222285,
      -0.03351895141919363,
      -0.027033616433841917,
      0.11014179115583156,
      0.0022681439311909983,
      0.01420986549991829
    ],
    "y_mean": 0.0004351564270935003,
    "n_train": 5467,
    "cv_mae": 0.0716,
    "persist_mae": 0.0924
  }
}