{
  "1": {
    "mean": [
      2.6289449649389853,
      9.172620127735127e-06,
      3.02696682907767e-05,
      8.680003669051521,
      26.03991928086588,
      8.679746835443009,
      0.0030514899184252314,
      0.0031245878728501605
    ],
    "std": [
      0.5216064598158741,
      0.2684724524774594,
      0.44714364271483387,
      14.510341332199738,
      33.62993238940532,
      14.51048257561609,
      0.7071323622675084,
      0.7070677107561046
    ],
    "weights": [
      -0.07614929042583249,
      -0.009336561055805681,
      -0.016529272491454524,
      0.044210466629046985,
      -0.10145558511264953,
      0.18292236484780058,
      0.0052687917771726805,
      -0.06154564192335634
    ],
    "y_mean": 1.1924406166055217e-05,
    "n_train": 5451,
    "cv_mae": 0.1176,
    "persist_mae": 0.1466
  },
  "2": {
    "mean": [
      2.6290493585210326,
      1.3394487013510607e-05,
      5.871558408124666e-05,
      8.6815963302752,
      26.044513761467876,
      17.358293577981676,
      0.0030552082388058295,
      0.0029417021386600197
    ],
    "std": [
      0.5215973691661047,
      0.2684969009157632,
      0.44717973143047945,
      14.511196083151102,
      33.63130690065653,
      24.857907719088033,
      0.7071971805362309,
      0.7070036491650832
    ],
    "weights": [
      -0.12992094847689475,
      -0.010801380549389637,
      -0.030958656205714686,
      -0.02892467528450038,
      -0.10843265075441813,
      0.284996774857294,
      0.010660106850713334,
      -0.10487721253350113
    ],
    "y_mean": 2.5137586331148025e-05,
    "n_train": 5450,
    "cv_mae": 0.1646,
    "persist_mae": 0.229
  },
  "3": {
    "mean": [
      2.6291495694613585,
      2.0921285009357903e-05,
      0.00010680859188220476,
      8.683097816113019,
      26.049018168471264,
      26.034391631492,
      0.0030620859814855053,
      0.002758830841430978
    ],
    "std": [
      0.5215927668986624,
      0.2685209621280522,
      0.44720666935699577,
      14.512104245390477,
      33.63274889136994,
      33.633776071471715,
      0.7072618876869727,
      0.7069396259280466
    ],
    "weights": [
      -0.17180521145461206,
      -0.01565418679333349,
      -0.040683264842817216,
      -0.04569834347294541,
      -0.10558482996707585,
      0.3050164117563817,
      0.015834520604241713,
      -0.13743161560950032
    ],
    "y_mean": 2.587626977543535e-05,
    "n_train": 5449,
    "cv_mae": 0.196,
    "persist_mae": 0.2767
  }
}