{
  "1": {
    "mean": [
      3.4251368045806885,
      0.00018641622539659916,
      0.0007813103166848478,
      4.775626204238916,
      14.309344894026967,
      4.776059730250477,
      -0.03541830353898434,
      -0.005850065736932588
    ],
    "std": [
      0.46697186496294624,
      0.11482271550787865,
      0.20732583283092723,
      8.545941996519096,
      18.582028199791658,
      8.54572254856033,
      0.6966415210097613,
      0.7165206987313765
    ],
    "weights": [
      -0.019227245727610056,
      -0.004774619080504959,
      0.011508655484399954,
      0.041827598704041166,
      -0.05143245063498501,
      0.04220741318895672,
      0.00647998976637558,
      -0.012580430937139016
    ],
    "y_mean": 0.00011608860166546008,
    "n_train": 2076,
    "cv_mae": 0.0672,
    "persist_mae": 0.0759
  },
  "2": {
    "mean": [
      3.425089641594025,
      0.00028096394366528617,
      0.0008838554750005882,
      4.771951807228911,
      14.29185542168674,
      9.556289156626526,
      -0.03543537260093084,
      -0.006334812756564844
    ],
    "std": [
      0.46707943156459997,
      0.1147695601118039,
      0.20732314376960667,
      8.546361378794792,
      18.569414837328104,
      14.036225171783753,
      0.6968089322035526,
      0.7163529273460936
    ],
    "weights": [
      -0.03819813580891597,
      -0.0029608596042782734,
      0.014962624382230815,
      0.019683829312665616,
      -0.067475245050322,
      0.08272109584993671,
      0.013385842473699667,
      -0.025119982200216478
    ],
    "y_mean": 0.00026987949049616435,
    "n_train": 2075,
    "cv_mae": 0.1036,
    "persist_mae": 0.1213
  },
  "3": {
    "mean": [
      3.4249479297042007,
      0.0003114754806489126,
      0.0009238187694273666,
      4.768659594985531,
      14.277049180327863,
      14.329363548698163,
      -0.03544415852978575,
      -0.006819955790299503
    ],
    "std": [
      0.467147422432058,
      0.11478881146048585,
      0.20736512885353856,
      8.547105925847275,
      18.561641520638478,
      18.587049256864105,
      0.696976783776925,
      0.7161847266628251
    ],
    "weights": [
      -0.056650128153410986,
      0.008658948890606111,
      0.0068722782051872855,
      -0.005047493977729499,
      -0.062470620928533574,
      0.09879575704695341,
      0.020726520695752364,
      -0.038118341618395835
    ],
    "y_mean": 0.0005096432787932912,
    "n_train": 2074,
    "cv_mae": 0.1335,
    "persist_mae": 0.1539
  }
}