{
  "1": {
    "mean": [
      2.032545490544722,
      4.5293426363427794e-05,
      0.00014139423693386097,
      5.407936195352481,
      16.22191807798345,
      5.407818038597854,
      0.0005707117668660843,
      -0.001267822402369655
    ],
    "std": [
      0.36255636011806186,
      0.09133152502937744,
      0.1664900715768707,
      9.05990076790304,
      20.25399522736016,
      9.059967383198213,
      0.7069494637454455,
      0.7072626970401201
    ],
    "weights": [
      -0.01171893030135231,
      -0.003308729096974306,
      0.0004937196171838406,
      0.03979725496245298,
      -0.03649594360221849,
      0.046474490036766666,
      0.0038848845652771887,
      -0.009266439872177073
    ],
    "y_mean": 4.056712312461734e-05,
    "n_train": 5078,
    "cv_mae": 0.0417,
    "persist_mae": 0.0471
  },
  "2": {
    "mean": [
      2.032483356497244,
      5.318100865206099e-05,
      0.00014989165215363568,
      5.4084892653141425,
      16.22046484144179,
      10.813787669883787,
      0.0005708241780866607,
      -0.001465038833806009
    ],
    "std": [
      0.3625650295310471,
      0.0913387898388034,
      0.16650536622143836,
      9.060707258039649,
      20.255725091836574,
      15.11938828394147,
      0.7070190830279941,
      0.7071927205898175
    ],
    "weights": [
      -0.022447308817270518,
      -0.0026698920257542586,
      -0.003602687195024175,
      0.02051909228532129,
      -0.044175091161009976,
      0.09387573557214975,
      0.007693680340164448,
      -0.018118638794909395
    ],
    "y_mean": 8.883198251023566e-05,
    "n_train": 5077,
    "cv_mae": 0.0661,
    "persist_mae": 0.0795
  },
  "3": {
    "mean": [
      2.0324133177551347,
      5.279745615965931e-05,
      0.00015701338284780306,
      5.408687943262391,
      16.218912529550817,
      16.21597714736012,
      0.0005743277597127289,
      -0.0016623037821990197
    ],
    "std": [
      0.36256639783514966,
      0.09134778243027646,
      0.1665209934757281,
      9.061588660861107,
      20.257418279487545,
      20.25213593427081,
      0.7070886788595455,
      0.7071226959463432
    ],
    "weights": [
      -0.03238775594313942,
      -0.003286216513180264,
      -0.00500716270254892,
      0.012740092102331466,
      -0.048353767636048456,
      0.116142566907598,
      0.011378257544062806,
      -0.025218760798523383
    ],
    "y_mean": 0.00012155242375824016,
    "n_train": 5076,
    "cv_mae": 0.0836,
    "persist_mae": 0.1022
  }
}