{
  "1": {
    "mean": [
      1.016550187999651,
      4.929437999387926e-05,
      0.0001514609351449116,
      6.797714172132754,
      20.38342277877164,
      6.800139137348418,
      -0.010793370101373068,
      -0.004125947954524271
    ],
    "std": [
      0.18672873498602405,
      0.09794929260048257,
      0.14988581995630038,
      11.269125915941892,
      26.01992683728566,
      11.269233739709996,
      0.7050866249473359,
      0.709027031244723
    ],
    "weights": [
      -0.04694464592497001,
      -0.013779132259638885,
      -0.00805270985909188,
      0.02693596735596424,
      -0.027816612467602225,
      0.06895933405455087,
      0.012305824145435199,
      0.010647069211063624
    ],
    "y_mean": 6.758099260066712e-05,
    "n_train": 5031,
    "cv_mae": 0.0377,
    "persist_mae": 0.0541
  },
  "2": {
    "mean": [
      1.0165061621850813,
      7.852882324582777e-05,
      0.0001355864655663432,
      6.796998011928406,
      20.373141153081534,
      13.594950298210708,
      -0.010785253541309076,
      -0.004325310333101408
    ],
    "std": [
      0.18672118506959592,
      0.0979370794536657,
      0.1498964895245071,
      11.270131575964935,
      26.012292404498233,
      19.25993705326557,
      0.7051564745898037,
      0.7089564982004556
    ],
    "weights": [
      -0.0684759115450333,
      -0.015397395809526256,
      -0.009024640800232476,
      -0.0005756869972506656,
      -0.027126026802950023,
      0.10501423075983145,
      0.017464329342640902,
      0.015942132718300524
    ],
    "y_mean": 9.522863458212553e-05,
    "n_train": 5030,
    "cv_mae": 0.0474,
    "persist_mae": 0.0812
  },
  "3": {
    "mean": [
      1.0164328884073366,
      3.181546363519565e-05,
      0.00010180949785524966,
      6.792761980513002,
      20.359475044740527,
      20.38327699343808,
      -0.010773717018489228,
      -0.004524545889999338
    ],
    "std": [
      0.1866674245820987,
      0.09789076897272857,
      0.14989225065142106,
      11.267247414267342,
      25.996816885369622,
      26.019987436413846,
      0.705226105485565,
      0.7088861655073817
    ],
    "weights": [
      -0.08270338959003724,
      -0.013815340983996607,
      -0.007046129644720973,
      -0.00688835648713713,
      -0.02782047346125725,
      0.11107755929556427,
      0.020502662218205757,
      0.020628115639057525
    ],
    "y_mean": 6.840326933482448e-05,
    "n_train": 5029,
    "cv_mae": 0.0543,
    "persist_mae": 0.0949
  }
}