{
  "1": {
    "mean": [
      1.3607671038455058,
      0.0003109534299529796,
      0.000984352282648352,
      5.01721251819505,
      15.047907569141202,
      5.01721251819505,
      -0.00323132305994145,
      -0.0030404999068549664
    ],
    "std": [
      0.6257363724706707,
      0.1618940924796843,
      0.32605308016284434,
      8.452041170311674,
      18.69647652208292,
      8.452041170311674,
      0.711913894754233,
      0.7022527467852678
    ],
    "weights": [
      -0.0451084309985229,
      0.058390655392155794,
      -0.024427760624387933,
      0.11360186930932561,
      -0.051955804167355596,
      0.03311314763383631,
      0.010435319612519835,
      0.013070927557974699
    ],
    "y_mean": 0.0002927583746687989,
    "n_train": 5496,
    "cv_mae": 0.0626,
    "persist_mae": 0.0908
  },
  "2": {
    "mean": [
      1.3605233853843888,
      0.000331938136589321,
      0.0010232939407758233,
      5.016050955414012,
      15.043912647861701,
      10.036251137397613,
      -0.003231911107814051,
      -0.003223036849513175
    ],
    "std": [
      0.6255324193056616,
      0.16190134869216924,
      0.326069967107426,
      8.45237155779349,
      18.695832032129886,
      14.030961466257311,
      0.7119786688070527,
      0.7021862587289717
    ],
    "weights": [
      -0.10431904667312096,
      0.037069642469719596,
      -0.03276724338433735,
      0.1337879910701493,
      -0.07733417033779712,
      0.12809511859390774,
      0.024025627710580044,
      0.028735732095555706
    ],
    "y_mean": 0.0006143767146005526,
    "n_train": 5495,
    "cv_mae": 0.1149,
    "persist_mae": 0.155
  },
  "3": {
    "mean": [
      1.3602586462741164,
      0.00033800510610282574,
      0.0009686931354764352,
      5.0151801965780844,
      15.04068074262833,
      15.054787040407726,
      -0.0032293662506884557,
      -0.0034056132739868974
    ],
    "std": [
      0.6252814583329201,
      0.16191545781414715,
      0.326074521862552,
      8.452894313410187,
      18.695998502421464,
      18.698022965386784,
      0.7120434368894,
      0.7021197312243668
    ],
    "weights": [
      -0.1450169535530758,
      0.023237559253553884,
      -0.029565499130694218,
      0.10164483327762734,
      -0.09146169534748994,
      0.20270282851752688,
      0.03248417916359628,
      0.04133833343584824
    ],
    "y_mean": 0.0009570440618524047,
    "n_train": 5494,
    "cv_mae": 0.1423,
    "persist_mae": 0.1962
  }
}