{
  "1": {
    "mean": [
      0.8162161006775298,
      1.931286216824247e-05,
      6.220776464280427e-05,
      6.550884326082533,
      19.645761333604305,
      6.550640374059763,
      0.0013507124809934753,
      0.023681919321623775
    ],
    "std": [
      0.11650613122230327,
      0.04769715641469774,
      0.08312186644050049,
      11.058854304069774,
      25.55108913434356,
      11.058985573716157,
      0.706311413271161,
      0.7075037312664401
    ],
    "weights": [
      -0.010926418304633588,
      0.000378555437225189,
      0.001978704951768225,
      0.005300424171382115,
      -0.012900068246285114,
      0.028591919547477456,
      0.0009585758888676435,
      -0.000755438866907705
    ],
    "y_mean": 1.606017405678039e-05,
    "n_train": 4919,
    "cv_mae": 0.0192,
    "persist_mae": 0.022
  },
  "2": {
    "mean": [
      0.8162084179057393,
      1.9926797475888506e-05,
      6.445710277983988e-05,
      6.5497356649044285,
      19.6428629524196,
      13.098454656364371,
      0.0013509871276955886,
      0.02348339998842362
    ],
    "std": [
      0.11651672956369033,
      0.04770198597774795,
      0.08313016709883968,
      11.05968515635498,
      25.552878155766145,
      18.896493002536086,
      0.7063832181643311,
      0.7074386573085782
    ],
    "weights": [
      -0.02175000687430474,
      -0.0005986449974959906,
      0.004260425140328838,
      -0.005284900210535712,
      -0.012566294284596123,
      0.04600720363145555,
      0.0019031023406465308,
      -0.0009738489137190977
    ],
    "y_mean": 2.5010159850459942e-05,
    "n_train": 4918,
    "cv_mae": 0.0275,
    "persist_mae": 0.0342
  },
  "3": {
    "mean": [
      0.8162001218765713,
      2.603213768168293e-05,
      7.341876368418881e-05,
      6.549135651820212,
      19.640654870856128,
      19.63917022574732,
      0.001354762670360533,
      0.02328483003942612
    ],
    "std": [
      0.11652712497354027,
      0.047704915102105,
      0.08313624459933143,
      11.060729698973956,
      25.55500729848221,
      25.546826433444547,
      0.7064549956069122,
      0.7073735367471545
    ],
    "weights": [
      -0.03147190182618189,
      0.002979082626799066,
      0.003299476488611284,
      -0.009753939989945329,
      -0.009809022419166183,
      0.051983974168874195,
      0.0026730547185272674,
      -0.0009683692693087843
    ],
    "y_mean": -1.2202647878115902e-06,
    "n_train": 4917,
    "cv_mae": 0.0328,
    "persist_mae": 0.0418
  }
}