{
  "1": {
    "mean": [
      0.9372253494688761,
      0.0001769336723150453,
      0.0005851210489256178,
      4.39714623105687,
      13.183034835662262,
      4.3970084629009945,
      0.001475436537547421,
      -0.0002556390209413567
    ],
    "std": [
      0.5510789504497877,
      0.3905189150794971,
      0.5688402843193694,
      7.723441119851589,
      17.15500961731155,
      7.723509742424004,
      0.7054484013475415,
      0.7087596988908935
    ],
    "weights": [
      -0.2556243201729699,
      -0.0482117741343201,
      -0.02529180749859354,
      0.2182179158634367,
      -0.09352553514961727,
      0.19793621830832384,
      0.025477957113036895,
      0.05191321582419156
    ],
    "y_mean": 0.00011159220072163072,
    "n_train": 5081,
    "cv_mae": 0.1437,
    "persist_mae": 0.1942
  },
  "2": {
    "mean": [
      0.9371066930491154,
      0.00016102362570800182,
      0.0006326771861924898,
      4.39472440944881,
      13.176771653543298,
      8.791692913385809,
      0.0014757269778107177,
      -0.0004525397372840617
    ],
    "std": [
      0.5510682839506577,
      0.3905557035267593,
      0.5688861702059669,
      7.722271944134485,
      17.150888380924886,
      12.844593131921075,
      0.7055178315248704,
      0.7086904873342948
    ],
    "weights": [
      -0.34904362541260325,
      -0.04260216449155862,
      -0.03221141879072584,
      0.04298434167728892,
      -0.0593615610975709,
      0.36903853749647175,
      0.03360952859271348,
      0.06839399391315788
    ],
    "y_mean": 0.00017677164218557088,
    "n_train": 5080,
    "cv_mae": 0.1628,
    "persist_mae": 0.2776
  },
  "3": {
    "mean": [
      0.9370039379204744,
      0.0002679661588186259,
      0.0008802914342487812,
      4.393758613900365,
      13.172376452057483,
      13.17914943886591,
      0.0014794066555294902,
      -0.0006494888176042824
    ],
    "std": [
      0.5510738665229584,
      0.3905197707363825,
      0.568668378823328,
      7.7227253440175625,
      17.149715839623653,
      17.150293806757983,
      0.7055872337681686,
      0.7086212282055957
    ],
    "weights": [
      -0.40168820616750134,
      -0.020435562570509797,
      -0.026294632068613252,
      -0.0188845497290301,
      -0.03054000499849685,
      0.3821584026227054,
      0.036717291263772475,
      0.08214744546019102
    ],
    "y_mean": -0.0001777909148934079,
    "n_train": 5079,
    "cv_mae": 0.18,
    "persist_mae": 0.3103
  }
}